Angle,Intensity
10.002130280,1515.0
10.028390845,1421.0
10.054651410,1401.0
10.080911975,1455.0
10.107172540,1416.0
10.133433105,1357.0
10.159693670,1447.0
10.185954235,1426.0
10.212214800,1447.0
10.238475365,1443.0
10.264735930,1401.0
10.290996495,1381.0
10.317257060,1399.0
10.343517625,1403.0
10.369778190,1484.0
10.396038755,1455.0
10.422299320,1400.0
10.448559885,1481.0
10.474820450,1443.0
10.501081015,1423.0
10.527341580,1447.0
10.553602145,1447.0
10.579862710,1391.0
10.606123275,1384.0
10.632383840,1418.0
10.658644405,1435.0
10.684904970,1456.0
10.711165535,1357.0
10.737426100,1416.0
10.763686665,1435.0
10.789947230,1400.0
10.816207795,1391.0
10.842468360,1378.0
10.868728925,1371.0
10.894989490,1414.0
10.921250055,1373.0
10.947510620,1358.0
10.973771185,1380.0
11.000031750,1421.0
11.026292315,1388.0
11.052552880,1358.0
11.078813445,1349.0
11.105074010,1367.0
11.131334575,1303.0
11.157595140,1344.0
11.183855705,1402.0
11.210116270,1381.0
11.236376835,1346.0
11.262637400,1404.0
11.288897965,1339.0
11.315158530,1371.0
11.341419095,1347.0
11.367679660,1305.0
11.393940225,1333.0
11.420200791,1425.0
11.446461356,1332.0
11.472721921,1302.0
11.498982486,1382.0
11.525243051,1286.0
11.551503616,1285.0
11.577764181,1337.0
11.604024746,1332.0
11.630285311,1305.0
11.656545876,1277.0
11.682806441,1250.0
11.709067006,1391.0
11.735327571,1285.0
11.761588136,1313.0
11.787848701,1390.0
11.814109266,1329.0
11.840369831,1324.0
11.866630396,1397.0
11.892890961,1351.0
11.919151526,1292.0
11.945412091,1287.0
11.971672656,1315.0
11.997933221,1276.0
12.024193786,1320.0
12.050454351,1316.0
12.076714916,1343.0
12.102975481,1303.0
12.129236046,1350.0
12.155496611,1270.0
12.181757176,1292.0
12.208017741,1304.0
12.234278306,1272.0
12.260538871,1263.0
12.286799436,1194.0
12.313060001,1281.0
12.339320566,1331.0
12.365581131,1208.0
12.391841696,1269.0
12.418102261,1314.0
12.444362826,1271.0
12.470623391,1314.0
12.496883956,1162.0
12.523144521,1212.0
12.549405086,1239.0
12.575665651,1189.0
12.601926216,1211.0
12.628186781,1268.0
12.654447346,1215.0
12.680707911,1299.0
12.706968476,1293.0
12.733229041,1271.0
12.759489606,1224.0
12.785750171,1232.0
12.812010736,1248.0
12.838271301,1210.0
12.864531866,1232.0
12.890792431,1210.0
12.917052996,1224.0
12.943313561,1188.0
12.969574126,1197.0
12.995834691,1161.0
13.022095256,1223.0
13.048355821,1233.0
13.074616386,1191.0
13.100876951,1196.0
13.127137516,1125.0
13.153398081,1138.0
13.179658646,1198.0
13.205919211,1180.0
13.232179776,1168.0
13.258440341,1217.0
13.284700906,1155.0
13.310961471,1164.0
13.337222036,1152.0
13.363482601,1156.0
13.389743166,1209.0
13.416003731,1210.0
13.442264296,1161.0
13.468524861,1189.0
13.494785426,1225.0
13.521045991,1220.0
13.547306556,1149.0
13.573567121,1179.0
13.599827686,1150.0
13.626088251,1125.0
13.652348816,1193.0
13.678609381,1137.0
13.704869946,1137.0
13.731130511,1208.0
13.757391076,1172.0
13.783651641,1149.0
13.809912206,1114.0
13.836172771,1129.0
13.862433336,1202.0
13.888693901,1151.0
13.914954466,1101.0
13.941215031,1207.0
13.967475596,1105.0
13.993736161,1108.0
14.019996726,1074.0
14.046257291,1055.0
14.072517856,1081.0
14.098778421,1052.0
14.125038986,1084.0
14.151299551,1148.0
14.177560116,1135.0
14.203820682,1141.0
14.230081247,1167.0
14.256341812,1097.0
14.282602377,1046.0
14.308862942,1051.0
14.335123507,1154.0
14.361384072,1084.0
14.387644637,1054.0
14.413905202,1089.0
14.440165767,1055.0
14.466426332,1083.0
14.492686897,1084.0
14.518947462,1083.0
14.545208027,1112.0
14.571468592,1136.0
14.597729157,1134.0
14.623989722,1062.0
14.650250287,1149.0
14.676510852,1087.0
14.702771417,1071.0
14.729031982,1049.0
14.755292547,1079.0
14.781553112,1087.0
14.807813677,1021.0
14.834074242,1032.0
14.860334807,1097.0
14.886595372,1055.0
14.912855937,1084.0
14.939116502,1010.0
14.965377067,1061.0
14.991637632,1032.0
15.017898197,1078.0
15.044158762,952.0
15.070419327,1035.0
15.096679892,1071.0
15.122940457,992.0
15.149201022,1036.0
15.175461587,1000.0
15.201722152,1053.0
15.227982717,1020.0
15.254243282,1012.0
15.280503847,1092.0
15.306764412,1025.0
15.333024977,1050.0
15.359285542,955.0
15.385546107,1014.0
15.411806672,1011.0
15.438067237,1063.0
15.464327802,1034.0
15.490588367,1011.0
15.516848932,1044.0
15.543109497,1053.0
15.569370062,1016.0
15.595630627,1019.0
15.621891192,978.0
15.648151757,1025.0
15.674412322,1023.0
15.700672887,943.0
15.726933452,1029.0
15.753194017,1015.0
15.779454582,1018.0
15.805715147,1009.0
15.831975712,1021.0
15.858236277,953.0
15.884496842,936.0
15.910757407,1007.0
15.937017972,978.0
15.963278537,987.0
15.989539102,944.0
16.015799667,1000.0
16.042060232,996.0
16.068320797,1064.0
16.094581362,932.0
16.120841927,1008.0
16.147102492,976.0
16.173363057,955.0
16.199623622,955.0
16.225884187,899.0
16.252144752,932.0
16.278405317,927.0
16.304665882,956.0
16.330926447,880.0
16.357187012,1043.0
16.383447577,960.0
16.409708142,994.0
16.435968707,923.0
16.462229272,859.0
16.488489837,972.0
16.514750402,919.0
16.541010967,924.0
16.567271532,973.0
16.593532097,907.0
16.619792662,911.0
16.646053227,849.0
16.672313792,938.0
16.698574357,983.0
16.724834922,996.0
16.751095487,934.0
16.777356052,984.0
16.803616617,949.0
16.829877182,975.0
16.856137747,963.0
16.882398312,918.0
16.908658877,922.0
16.934919442,981.0
16.961180007,841.0
16.987440572,912.0
17.013701138,890.0
17.039961703,933.0
17.066222268,858.0
17.092482833,850.0
17.118743398,878.0
17.145003963,863.0
17.171264528,873.0
17.197525093,937.0
17.223785658,882.0
17.250046223,882.0
17.276306788,885.0
17.302567353,884.0
17.328827918,876.0
17.355088483,991.0
17.381349048,859.0
17.407609613,923.0
17.433870178,895.0
17.460130743,878.0
17.486391308,861.0
17.512651873,946.0
17.538912438,859.0
17.565173003,907.0
17.591433568,935.0
17.617694133,879.0
17.643954698,862.0
17.670215263,860.0
17.696475828,866.0
17.722736393,909.0
17.748996958,858.0
17.775257523,873.0
17.801518088,837.0
17.827778653,882.0
17.854039218,832.0
17.880299783,844.0
17.906560348,829.0
17.932820913,881.0
17.959081478,907.0
17.985342043,900.0
18.011602608,846.0
18.037863173,889.0
18.064123738,820.0
18.090384303,874.0
18.116644868,854.0
18.142905433,841.0
18.169165998,767.0
18.195426563,823.0
18.221687128,843.0
18.247947693,866.0
18.274208258,883.0
18.300468823,859.0
18.326729388,811.0
18.352989953,838.0
18.379250518,881.0
18.405511083,873.0
18.431771648,855.0
18.458032213,922.0
18.484292778,864.0
18.510553343,776.0
18.536813908,801.0
18.563074473,824.0
18.589335038,800.0
18.615595603,802.0
18.641856168,868.0
18.668116733,814.0
18.694377298,829.0
18.720637863,856.0
18.746898428,856.0
18.773158993,818.0
18.799419558,816.0
18.825680123,783.0
18.851940688,854.0
18.878201253,780.0
18.904461818,777.0
18.930722383,920.0
18.956982948,823.0
18.983243513,796.0
19.009504078,786.0
19.035764643,796.0
19.062025208,831.0
19.088285773,827.0
19.114546338,843.0
19.140806903,795.0
19.167067468,814.0
19.193328033,808.0
19.219588598,780.0
19.245849163,780.0
19.272109728,841.0
19.298370293,804.0
19.324630858,798.0
19.350891423,801.0
19.377151988,785.0
19.403412553,780.0
19.429673118,776.0
19.455933683,789.0
19.482194248,788.0
19.508454813,813.0
19.534715378,762.0
19.560975943,781.0
19.587236508,796.0
19.613497073,750.0
19.639757638,757.0
19.666018203,761.0
19.692278768,768.0
19.718539333,730.0
19.744799898,749.0
19.771060463,740.0
19.797321028,710.0
19.823581594,750.0
19.849842159,731.0
19.876102724,722.0
19.902363289,727.0
19.928623854,741.0
19.954884419,793.0
19.981144984,758.0
20.007405549,715.0
20.033666114,732.0
20.059926679,724.0
20.086187244,763.0
20.112447809,769.0
20.138708374,714.0
20.164968939,687.0
20.191229504,724.0
20.217490069,707.0
20.243750634,736.0
20.270011199,729.0
20.296271764,692.0
20.322532329,729.0
20.348792894,731.0
20.375053459,699.0
20.401314024,736.0
20.427574589,766.0
20.453835154,665.0
20.480095719,702.0
20.506356284,735.0
20.532616849,748.0
20.558877414,759.0
20.585137979,723.0
20.611398544,694.0
20.637659109,735.0
20.663919674,675.0
20.690180239,707.0
20.716440804,732.0
20.742701369,732.0
20.768961934,686.0
20.795222499,705.0
20.821483064,733.0
20.847743629,683.0
20.874004194,660.0
20.900264759,693.0
20.926525324,737.0
20.952785889,653.0
20.979046454,692.0
21.005307019,693.0
21.031567584,693.0
21.057828149,651.0
21.084088714,655.0
21.110349279,691.0
21.136609844,704.0
21.162870409,702.0
21.189130974,692.0
21.215391539,692.0
21.241652104,685.0
21.267912669,746.0
21.294173234,667.0
21.320433799,633.0
21.346694364,674.0
21.372954929,647.0
21.399215494,714.0
21.425476059,738.0
21.451736624,734.0
21.477997189,716.0
21.504257754,774.0
21.530518319,745.0
21.556778884,721.0
21.583039449,723.0
21.609300014,771.0
21.635560579,747.0
21.661821144,742.0
21.688081709,713.0
21.714342274,688.0
21.740602839,792.0
21.766863404,841.0
21.793123969,877.0
21.819384534,927.0
21.845645099,942.0
21.871905664,950.0
21.898166229,1142.0
21.924426794,1317.0
21.950687359,1643.0
21.976947924,1839.0
22.003208489,2137.0
22.029469054,2713.0
22.055729619,3096.0
22.081990184,3563.0
22.108250749,3826.0
22.134511314,3865.0
22.160771879,3793.0
22.187032444,3464.0
22.213293009,2910.0
22.239553574,2372.0
22.265814139,1845.0
22.292074704,1486.0
22.318335269,1198.0
22.344595834,999.0
22.370856399,817.0
22.397116964,841.0
22.423377529,727.0
22.449638094,782.0
22.475898659,738.0
22.502159224,674.0
22.528419789,644.0
22.554680354,657.0
22.580940919,725.0
22.607201485,657.0
22.633462050,643.0
22.659722615,631.0
22.685983180,611.0
22.712243745,647.0
22.738504310,651.0
22.764764875,654.0
22.791025440,666.0
22.817286005,661.0
22.843546570,639.0
22.869807135,684.0
22.896067700,668.0
22.922328265,662.0
22.948588830,651.0
22.974849395,594.0
23.001109960,664.0
23.027370525,597.0
23.053631090,600.0
23.079891655,612.0
23.106152220,629.0
23.132412785,617.0
23.158673350,605.0
23.184933915,606.0
23.211194480,571.0
23.237455045,623.0
23.263715610,583.0
23.289976175,670.0
23.316236740,630.0
23.342497305,622.0
23.368757870,604.0
23.395018435,598.0
23.421279000,629.0
23.447539565,630.0
23.473800130,587.0
23.500060695,621.0
23.526321260,626.0
23.552581825,567.0
23.578842390,651.0
23.605102955,637.0
23.631363520,655.0
23.657624085,597.0
23.683884650,608.0
23.710145215,626.0
23.736405780,647.0
23.762666345,666.0
23.788926910,628.0
23.815187475,652.0
23.841448040,698.0
23.867708605,708.0
23.893969170,697.0
23.920229735,669.0
23.946490300,630.0
23.972750865,706.0
23.999011430,630.0
24.025271995,687.0
24.051532560,657.0
24.077793125,707.0
24.104053690,619.0
24.130314255,621.0
24.156574820,656.0
24.182835385,600.0
24.209095950,625.0
24.235356515,631.0
24.261617080,628.0
24.287877645,566.0
24.314138210,609.0
24.340398775,569.0
24.366659340,571.0
24.392919905,552.0
24.419180470,552.0
24.445441035,584.0
24.471701600,543.0
24.497962165,579.0
24.524222730,556.0
24.550483295,537.0
24.576743860,550.0
24.603004425,523.0
24.629264990,558.0
24.655525555,581.0
24.681786120,611.0
24.708046685,556.0
24.734307250,520.0
24.760567815,511.0
24.786828380,573.0
24.813088945,563.0
24.839349510,532.0
24.865610075,555.0
24.891870640,517.0
24.918131205,525.0
24.944391770,585.0
24.970652335,560.0
24.996912900,526.0
25.023173465,552.0
25.049434030,561.0
25.075694595,541.0
25.101955160,568.0
25.128215725,572.0
25.154476290,564.0
25.180736855,529.0
25.206997420,572.0
25.233257985,468.0
25.259518550,533.0
25.285779115,510.0
25.312039680,516.0
25.338300245,503.0
25.364560810,569.0
25.390821375,514.0
25.417081941,543.0
25.443342506,592.0
25.469603071,506.0
25.495863636,519.0
25.522124201,532.0
25.548384766,545.0
25.574645331,530.0
25.600905896,563.0
25.627166461,525.0
25.653427026,521.0
25.679687591,547.0
25.705948156,520.0
25.732208721,518.0
25.758469286,506.0
25.784729851,508.0
25.810990416,542.0
25.837250981,528.0
25.863511546,486.0
25.889772111,555.0
25.916032676,534.0
25.942293241,530.0
25.968553806,545.0
25.994814371,492.0
26.021074936,518.0
26.047335501,533.0
26.073596066,542.0
26.099856631,514.0
26.126117196,453.0
26.152377761,512.0
26.178638326,485.0
26.204898891,464.0
26.231159456,507.0
26.257420021,487.0
26.283680586,482.0
26.309941151,533.0
26.336201716,482.0
26.362462281,542.0
26.388722846,521.0
26.414983411,485.0
26.441243976,496.0
26.467504541,533.0
26.493765106,507.0
26.520025671,561.0
26.546286236,494.0
26.572546801,506.0
26.598807366,508.0
26.625067931,464.0
26.651328496,489.0
26.677589061,481.0
26.703849626,504.0
26.730110191,514.0
26.756370756,560.0
26.782631321,479.0
26.808891886,433.0
26.835152451,509.0
26.861413016,476.0
26.887673581,461.0
26.913934146,492.0
26.940194711,470.0
26.966455276,449.0
26.992715841,487.0
27.018976406,470.0
27.045236971,496.0
27.071497536,509.0
27.097758101,512.0
27.124018666,539.0
27.150279231,502.0
27.176539796,430.0
27.202800361,500.0
27.229060926,489.0
27.255321491,534.0
27.281582056,513.0
27.307842621,514.0
27.334103186,542.0
27.360363751,515.0
27.386624316,512.0
27.412884881,509.0
27.439145446,492.0
27.465406011,481.0
27.491666576,503.0
27.517927141,546.0
27.544187706,549.0
27.570448271,507.0
27.596708836,489.0
27.622969401,493.0
27.649229966,534.0
27.675490531,513.0
27.701751096,511.0
27.728011661,494.0
27.754272226,491.0
27.780532791,490.0
27.806793356,531.0
27.833053921,510.0
27.859314486,456.0
27.885575051,476.0
27.911835616,503.0
27.938096181,517.0
27.964356746,464.0
27.990617311,489.0
28.016877876,466.0
28.043138441,458.0
28.069399006,513.0
28.095659571,471.0
28.121920136,458.0
28.148180701,472.0
28.174441266,524.0
28.200701832,525.0
28.226962397,493.0
28.253222962,515.0
28.279483527,503.0
28.305744092,532.0
28.332004657,491.0
28.358265222,535.0
28.384525787,492.0
28.410786352,523.0
28.437046917,516.0
28.463307482,474.0
28.489568047,501.0
28.515828612,515.0
28.542089177,482.0
28.568349742,502.0
28.594610307,475.0
28.620870872,507.0
28.647131437,502.0
28.673392002,475.0
28.699652567,518.0
28.725913132,580.0
28.752173697,485.0
28.778434262,520.0
28.804694827,495.0
28.830955392,486.0
28.857215957,523.0
28.883476522,439.0
28.909737087,440.0
28.935997652,477.0
28.962258217,457.0
28.988518782,497.0
29.014779347,458.0
29.041039912,455.0
29.067300477,434.0
29.093561042,469.0
29.119821607,496.0
29.146082172,500.0
29.172342737,533.0
29.198603302,553.0
29.224863867,517.0
29.251124432,536.0
29.277384997,494.0
29.303645562,440.0
29.329906127,459.0
29.356166692,449.0
29.382427257,458.0
29.408687822,463.0
29.434948387,457.0
29.461208952,485.0
29.487469517,484.0
29.513730082,451.0
29.539990647,462.0
29.566251212,444.0
29.592511777,436.0
29.618772342,455.0
29.645032907,446.0
29.671293472,436.0
29.697554037,461.0
29.723814602,437.0
29.750075167,427.0
29.776335732,446.0
29.802596297,432.0
29.828856862,446.0
29.855117427,439.0
29.881377992,398.0
29.907638557,435.0
29.933899122,405.0
29.960159687,475.0
29.986420252,481.0
30.012680817,480.0
30.038941382,488.0
30.065201947,408.0
30.091462512,423.0
30.117723077,458.0
30.143983642,455.0
30.170244207,446.0
30.196504772,496.0
30.222765337,500.0
30.249025902,446.0
30.275286467,487.0
30.301547032,510.0
30.327807597,483.0
30.354068162,507.0
30.380328727,486.0
30.406589292,510.0
30.432849857,525.0
30.459110422,538.0
30.485370987,539.0
30.511631552,544.0
30.537892117,595.0
30.564152682,579.0
30.590413247,531.0
30.616673812,558.0
30.642934377,516.0
30.669194942,550.0
30.695455507,540.0
30.721716072,599.0
30.747976637,618.0
30.774237202,598.0
30.800497767,561.0
30.826758332,608.0
30.853018897,614.0
30.879279462,666.0
30.905540027,594.0
30.931800592,603.0
30.958061157,651.0
30.984321722,677.0
31.010582288,701.0
31.036842853,684.0
31.063103418,775.0
31.089363983,782.0
31.115624548,875.0
31.141885113,1004.0
31.168145678,1069.0
31.194406243,1280.0
31.220666808,1422.0
31.246927373,1665.0
31.273187938,2175.0
31.299448503,2749.0
31.325709068,3574.0
31.351969633,4861.0
31.378230198,6590.0
31.404490763,9136.0
31.430751328,12138.0
31.457011893,15923.0
31.483272458,18623.0
31.509533023,19735.0
31.535793588,19092.0
31.562054153,17502.0
31.588314718,14912.0
31.614575283,11692.0
31.640835848,8992.0
31.667096413,6448.0
31.693356978,4529.0
31.719617543,3234.0
31.745878108,2375.0
31.772138673,1837.0
31.798399238,1536.0
31.824659803,1139.0
31.850920368,1029.0
31.877180933,947.0
31.903441498,811.0
31.929702063,754.0
31.955962628,756.0
31.982223193,706.0
32.008483758,655.0
32.034744323,613.0
32.061004888,612.0
32.087265453,597.0
32.113526018,603.0
32.139786583,567.0
32.166047148,560.0
32.192307713,547.0
32.218568278,579.0
32.244828843,531.0
32.271089408,590.0
32.297349973,527.0
32.323610538,508.0
32.349871103,469.0
32.376131668,506.0
32.402392233,494.0
32.428652798,501.0
32.454913363,461.0
32.481173928,484.0
32.507434493,450.0
32.533695058,494.0
32.559955623,492.0
32.586216188,480.0
32.612476753,453.0
32.638737318,476.0
32.664997883,447.0
32.691258448,423.0
32.717519013,426.0
32.743779578,445.0
32.770040143,454.0
32.796300708,452.0
32.822561273,440.0
32.848821838,415.0
32.875082403,427.0
32.901342968,410.0
32.927603533,437.0
32.953864098,413.0
32.980124663,456.0
33.006385228,453.0
33.032645793,423.0
33.058906358,419.0
33.085166923,437.0
33.111427488,424.0
33.137688053,450.0
33.163948618,401.0
33.190209183,410.0
33.216469748,403.0
33.242730313,393.0
33.268990878,443.0
33.295251443,415.0
33.321512008,404.0
33.347772573,401.0
33.374033138,418.0
33.400293703,391.0
33.426554268,390.0
33.452814833,368.0
33.479075398,375.0
33.505335963,394.0
33.531596528,391.0
33.557857093,378.0
33.584117658,401.0
33.610378223,447.0
33.636638788,398.0
33.662899353,385.0
33.689159918,346.0
33.715420483,396.0
33.741681048,440.0
33.767941613,392.0
33.794202178,402.0
33.820462744,415.0
33.846723309,416.0
33.872983874,435.0
33.899244439,396.0
33.925505004,414.0
33.951765569,386.0
33.978026134,444.0
34.004286699,436.0
34.030547264,393.0
34.056807829,382.0
34.083068394,423.0
34.109328959,416.0
34.135589524,420.0
34.161850089,415.0
34.188110654,401.0
34.214371219,397.0
34.240631784,415.0
34.266892349,387.0
34.293152914,348.0
34.319413479,403.0
34.345674044,377.0
34.371934609,422.0
34.398195174,373.0
34.424455739,393.0
34.450716304,388.0
34.476976869,385.0
34.503237434,384.0
34.529497999,390.0
34.555758564,405.0
34.582019129,394.0
34.608279694,421.0
34.634540259,322.0
34.660800824,375.0
34.687061389,402.0
34.713321954,330.0
34.739582519,331.0
34.765843084,371.0
34.792103649,347.0
34.818364214,393.0
34.844624779,429.0
34.870885344,394.0
34.897145909,379.0
34.923406474,339.0
34.949667039,388.0
34.975927604,363.0
35.002188169,378.0
35.028448734,357.0
35.054709299,364.0
35.080969864,371.0
35.107230429,355.0
35.133490994,347.0
35.159751559,354.0
35.186012124,341.0
35.212272689,370.0
35.238533254,398.0
35.264793819,320.0
35.291054384,325.0
35.317314949,334.0
35.343575514,325.0
35.369836079,363.0
35.396096644,336.0
35.422357209,379.0
35.448617774,360.0
35.474878339,298.0
35.501138904,380.0
35.527399469,314.0
35.553660034,352.0
35.579920599,328.0
35.606181164,316.0
35.632441729,324.0
35.658702294,358.0
35.684962859,344.0
35.711223424,319.0
35.737483989,303.0
35.763744554,324.0
35.790005119,365.0
35.816265684,357.0
35.842526249,306.0
35.868786814,340.0
35.895047379,357.0
35.921307944,349.0
35.947568509,358.0
35.973829074,345.0
36.000089639,321.0
36.026350204,330.0
36.052610769,361.0
36.078871334,367.0
36.105131899,341.0
36.131392464,370.0
36.157653029,367.0
36.183913594,343.0
36.210174159,320.0
36.236434724,310.0
36.262695289,335.0
36.288955854,362.0
36.315216419,304.0
36.341476984,364.0
36.367737549,345.0
36.393998114,345.0
36.420258679,311.0
36.446519244,312.0
36.472779809,321.0
36.499040374,325.0
36.525300939,326.0
36.551561504,283.0
36.577822069,312.0
36.604082635,310.0
36.630343200,315.0
36.656603765,334.0
36.682864330,332.0
36.709124895,336.0
36.735385460,300.0
36.761646025,305.0
36.787906590,323.0
36.814167155,305.0
36.840427720,311.0
36.866688285,302.0
36.892948850,329.0
36.919209415,313.0
36.945469980,304.0
36.971730545,334.0
36.997991110,356.0
37.024251675,307.0
37.050512240,306.0
37.076772805,299.0
37.103033370,324.0
37.129293935,293.0
37.155554500,316.0
37.181815065,313.0
37.208075630,292.0
37.234336195,275.0
37.260596760,294.0
37.286857325,297.0
37.313117890,305.0
37.339378455,305.0
37.365639020,343.0
37.391899585,312.0
37.418160150,288.0
37.444420715,299.0
37.470681280,289.0
37.496941845,325.0
37.523202410,282.0
37.549462975,355.0
37.575723540,316.0
37.601984105,307.0
37.628244670,314.0
37.654505235,307.0
37.680765800,329.0
37.707026365,320.0
37.733286930,318.0
37.759547495,359.0
37.785808060,326.0
37.812068625,342.0
37.838329190,333.0
37.864589755,363.0
37.890850320,353.0
37.917110885,318.0
37.943371450,320.0
37.969632015,340.0
37.995892580,306.0
38.022153145,325.0
38.048413710,347.0
38.074674275,329.0
38.100934840,352.0
38.127195405,335.0
38.153455970,331.0
38.179716535,354.0
38.205977100,311.0
38.232237665,335.0
38.258498230,316.0
38.284758795,348.0
38.311019360,347.0
38.337279925,341.0
38.363540490,355.0
38.389801055,378.0
38.416061620,368.0
38.442322185,360.0
38.468582750,392.0
38.494843315,436.0
38.521103880,432.0
38.547364445,442.0
38.573625010,546.0
38.599885575,591.0
38.626146140,724.0
38.652406705,762.0
38.678667270,958.0
38.704927835,1208.0
38.731188400,1594.0
38.757448965,2110.0
38.783709530,3151.0
38.809970095,4452.0
38.836230660,5542.0
38.862491225,5886.0
38.888751790,5232.0
38.915012355,4689.0
38.941272920,4194.0
38.967533485,3553.0
38.993794050,2630.0
39.020054615,1836.0
39.046315180,1315.0
39.072575745,919.0
39.098836310,740.0
39.125096875,616.0
39.151357440,543.0
39.177618005,453.0
39.203878570,466.0
39.230139135,437.0
39.256399700,404.0
39.282660265,387.0
39.308920830,358.0
39.335181395,363.0
39.361441960,333.0
39.387702525,359.0
39.413963091,350.0
39.440223656,356.0
39.466484221,324.0
39.492744786,336.0
39.519005351,330.0
39.545265916,317.0
39.571526481,332.0
39.597787046,290.0
39.624047611,347.0
39.650308176,277.0
39.676568741,306.0
39.702829306,275.0
39.729089871,322.0
39.755350436,349.0
39.781611001,285.0
39.807871566,280.0
39.834132131,318.0
39.860392696,284.0
39.886653261,315.0
39.912913826,297.0
39.939174391,299.0
39.965434956,281.0
39.991695521,299.0
40.017956086,304.0
40.044216651,291.0
40.070477216,297.0
40.096737781,276.0
40.122998346,250.0
40.149258911,263.0
40.175519476,289.0
40.201780041,265.0
40.228040606,285.0
40.254301171,274.0
40.280561736,275.0
40.306822301,272.0
40.333082866,311.0
40.359343431,297.0
40.385603996,274.0
40.411864561,248.0
40.438125126,285.0
40.464385691,314.0
40.490646256,299.0
40.516906821,302.0
40.543167386,288.0
40.569427951,247.0
40.595688516,266.0
40.621949081,316.0
40.648209646,262.0
40.674470211,307.0
40.700730776,293.0
40.726991341,271.0
40.753251906,270.0
40.779512471,285.0
40.805773036,255.0
40.832033601,254.0
40.858294166,280.0
40.884554731,300.0
40.910815296,300.0
40.937075861,277.0
40.963336426,296.0
40.989596991,270.0
41.015857556,246.0
41.042118121,318.0
41.068378686,266.0
41.094639251,280.0
41.120899816,253.0
41.147160381,260.0
41.173420946,287.0
41.199681511,266.0
41.225942076,264.0
41.252202641,274.0
41.278463206,272.0
41.304723771,271.0
41.330984336,246.0
41.357244901,274.0
41.383505466,316.0
41.409766031,271.0
41.436026596,289.0
41.462287161,282.0
41.488547726,282.0
41.514808291,297.0
41.541068856,289.0
41.567329421,250.0
41.593589986,276.0
41.619850551,288.0
41.646111116,259.0
41.672371681,273.0
41.698632246,262.0
41.724892811,296.0
41.751153376,241.0
41.777413941,268.0
41.803674506,280.0
41.829935071,282.0
41.856195636,256.0
41.882456201,286.0
41.908716766,277.0
41.934977331,273.0
41.961237896,270.0
41.987498461,248.0
42.013759026,299.0
42.040019591,296.0
42.066280156,283.0
42.092540721,280.0
42.118801286,260.0
42.145061851,251.0
42.171322416,287.0
42.197582982,267.0
42.223843547,291.0
42.250104112,274.0
42.276364677,255.0
42.302625242,273.0
42.328885807,265.0
42.355146372,259.0
42.381406937,245.0
42.407667502,244.0
42.433928067,250.0
42.460188632,236.0
42.486449197,247.0
42.512709762,254.0
42.538970327,264.0
42.565230892,252.0
42.591491457,262.0
42.617752022,263.0
42.644012587,264.0
42.670273152,263.0
42.696533717,235.0
42.722794282,248.0
42.749054847,256.0
42.775315412,276.0
42.801575977,255.0
42.827836542,255.0
42.854097107,250.0
42.880357672,281.0
42.906618237,237.0
42.932878802,262.0
42.959139367,260.0
42.985399932,268.0
43.011660497,259.0
43.037921062,271.0
43.064181627,299.0
43.090442192,258.0
43.116702757,246.0
43.142963322,258.0
43.169223887,276.0
43.195484452,267.0
43.221745017,255.0
43.248005582,261.0
43.274266147,229.0
43.300526712,257.0
43.326787277,255.0
43.353047842,272.0
43.379308407,289.0
43.405568972,244.0
43.431829537,256.0
43.458090102,273.0
43.484350667,281.0
43.510611232,242.0
43.536871797,263.0
43.563132362,257.0
43.589392927,284.0
43.615653492,294.0
43.641914057,285.0
43.668174622,262.0
43.694435187,258.0
43.720695752,283.0
43.746956317,269.0
43.773216882,259.0
43.799477447,243.0
43.825738012,248.0
43.851998577,246.0
43.878259142,276.0
43.904519707,270.0
43.930780272,248.0
43.957040837,271.0
43.983301402,290.0
44.009561967,282.0
44.035822532,276.0
44.062083097,274.0
44.088343662,302.0
44.114604227,276.0
44.140864792,272.0
44.167125357,279.0
44.193385922,270.0
44.219646487,275.0
44.245907052,298.0
44.272167617,294.0
44.298428182,300.0
44.324688747,282.0
44.350949312,281.0
44.377209877,317.0
44.403470442,299.0
44.429731007,334.0
44.455991572,314.0
44.482252137,343.0
44.508512702,339.0
44.534773267,346.0
44.561033832,346.0
44.587294397,350.0
44.613554962,361.0
44.639815527,400.0
44.666076092,400.0
44.692336657,423.0
44.718597222,444.0
44.744857787,558.0
44.771118352,566.0
44.797378917,691.0
44.823639482,804.0
44.849900047,957.0
44.876160612,1116.0
44.902421177,1311.0
44.928681742,1524.0
44.954942307,1778.0
44.981202872,2063.0
45.007463438,2247.0
45.033724003,2473.0
45.059984568,2727.0
45.086245133,2940.0
45.112505698,3139.0
45.138766263,3293.0
45.165026828,3404.0
45.191287393,3467.0
45.217547958,3701.0
45.243808523,3678.0
45.270069088,3689.0
45.296329653,3836.0
45.322590218,3662.0
45.348850783,3339.0
45.375111348,2970.0
45.401371913,2551.0
45.427632478,2172.0
45.453893043,1854.0
45.480153608,1489.0
45.506414173,1230.0
45.532674738,963.0
45.558935303,840.0
45.585195868,658.0
45.611456433,531.0
45.637716998,486.0
45.663977563,409.0
45.690238128,440.0
45.716498693,360.0
45.742759258,355.0
45.769019823,394.0
45.795280388,331.0
45.821540953,312.0
45.847801518,311.0
45.874062083,303.0
45.900322648,283.0
45.926583213,277.0
45.952843778,282.0
45.979104343,302.0
46.005364908,295.0
46.031625473,275.0
46.057886038,238.0
46.084146603,252.0
46.110407168,246.0
46.136667733,284.0
46.162928298,269.0
46.189188863,240.0
46.215449428,258.0
46.241709993,250.0
46.267970558,228.0
46.294231123,234.0
46.320491688,247.0
46.346752253,248.0
46.373012818,268.0
46.399273383,262.0
46.425533948,236.0
46.451794513,227.0
46.478055078,248.0
46.504315643,214.0
46.530576208,240.0
46.556836773,221.0
46.583097338,213.0
46.609357903,259.0
46.635618468,226.0
46.661879033,265.0
46.688139598,227.0
46.714400163,245.0
46.740660728,237.0
46.766921293,229.0
46.793181858,226.0
46.819442423,230.0
46.845702988,250.0
46.871963553,224.0
46.898224118,233.0
46.924484683,255.0
46.950745248,240.0
46.977005813,254.0
47.003266378,223.0
47.029526943,216.0
47.055787508,219.0
47.082048073,227.0
47.108308638,229.0
47.134569203,245.0
47.160829768,239.0
47.187090333,243.0
47.213350898,216.0
47.239611463,261.0
47.265872028,222.0
47.292132593,227.0
47.318393158,240.0
47.344653723,227.0
47.370914288,214.0
47.397174853,224.0
47.423435418,229.0
47.449695983,189.0
47.475956548,175.0
47.502217113,210.0
47.528477678,214.0
47.554738243,222.0
47.580998808,211.0
47.607259373,234.0
47.633519938,229.0
47.659780503,215.0
47.686041068,216.0
47.712301633,198.0
47.738562198,192.0
47.764822763,183.0
47.791083328,206.0
47.817343894,198.0
47.843604459,241.0
47.869865024,191.0
47.896125589,216.0
47.922386154,206.0
47.948646719,223.0
47.974907284,226.0
48.001167849,190.0
48.027428414,226.0
48.053688979,199.0
48.079949544,200.0
48.106210109,207.0
48.132470674,178.0
48.158731239,213.0
48.184991804,213.0
48.211252369,234.0
48.237512934,202.0
48.263773499,215.0
48.290034064,199.0
48.316294629,211.0
48.342555194,215.0
48.368815759,207.0
48.395076324,208.0
48.421336889,236.0
48.447597454,179.0
48.473858019,193.0
48.500118584,196.0
48.526379149,224.0
48.552639714,206.0
48.578900279,210.0
48.605160844,212.0
48.631421409,204.0
48.657681974,202.0
48.683942539,209.0
48.710203104,171.0
48.736463669,214.0
48.762724234,198.0
48.788984799,205.0
48.815245364,199.0
48.841505929,204.0
48.867766494,199.0
48.894027059,209.0
48.920287624,222.0
48.946548189,209.0
48.972808754,205.0
48.999069319,216.0
49.025329884,215.0
49.051590449,191.0
49.077851014,209.0
49.104111579,183.0
49.130372144,209.0
49.156632709,210.0
49.182893274,206.0
49.209153839,194.0
49.235414404,216.0
49.261674969,229.0
49.287935534,192.0
49.314196099,249.0
49.340456664,216.0
49.366717229,197.0
49.392977794,199.0
49.419238359,222.0
49.445498924,198.0
49.471759489,194.0
49.498020054,224.0
49.524280619,195.0
49.550541184,218.0
49.576801749,220.0
49.603062314,193.0
49.629322879,226.0
49.655583444,204.0
49.681844009,204.0
49.708104574,220.0
49.734365139,208.0
49.760625704,188.0
49.786886269,207.0
49.813146834,212.0
49.839407399,194.0
49.865667964,233.0
49.891928529,210.0
49.918189094,229.0
49.944449659,250.0
49.970710224,232.0
49.996970789,192.0
50.023231354,200.0
50.049491919,241.0
50.075752484,220.0
50.102013049,225.0
50.128273614,213.0
50.154534179,230.0
50.180794744,228.0
50.207055309,227.0
50.233315874,252.0
50.259576439,208.0
50.285837004,233.0
50.312097569,258.0
50.338358134,230.0
50.364618699,278.0
50.390879264,248.0
50.417139829,274.0
50.443400394,298.0
50.469660959,275.0
50.495921524,291.0
50.522182089,325.0
50.548442654,360.0
50.574703219,416.0
50.600963785,444.0
50.627224350,540.0
50.653484915,577.0
50.679745480,702.0
50.706006045,726.0
50.732266610,812.0
50.758527175,958.0
50.784787740,1059.0
50.811048305,1093.0
50.837308870,1226.0
50.863569435,1264.0
50.889830000,1303.0
50.916090565,1268.0
50.942351130,1302.0
50.968611695,1179.0
50.994872260,1241.0
51.021132825,1036.0
51.047393390,1034.0
51.073653955,932.0
51.099914520,748.0
51.126175085,728.0
51.152435650,547.0
51.178696215,494.0
51.204956780,460.0
51.231217345,334.0
51.257477910,320.0
51.283738475,302.0
51.309999040,252.0
51.336259605,230.0
51.362520170,235.0
51.388780735,227.0
51.415041300,221.0
51.441301865,215.0
51.467562430,176.0
51.493822995,191.0
51.520083560,232.0
51.546344125,229.0
51.572604690,216.0
51.598865255,219.0
51.625125820,198.0
51.651386385,198.0
51.677646950,190.0
51.703907515,211.0
51.730168080,188.0
51.756428645,198.0
51.782689210,183.0
51.808949775,215.0
51.835210340,195.0
51.861470905,213.0
51.887731470,188.0
51.913992035,199.0
51.940252600,201.0
51.966513165,182.0
51.992773730,190.0
52.019034295,184.0
52.045294860,174.0
52.071555425,192.0
52.097815990,197.0
52.124076555,201.0
52.150337120,165.0
52.176597685,189.0
52.202858250,185.0
52.229118815,168.0
52.255379380,175.0
52.281639945,182.0
52.307900510,191.0
52.334161075,190.0
52.360421640,182.0
52.386682205,208.0
52.412942770,172.0
52.439203335,204.0
52.465463900,176.0
52.491724465,183.0
52.517985030,191.0
52.544245595,170.0
52.570506160,187.0
52.596766725,205.0
52.623027290,200.0
52.649287855,191.0
52.675548420,195.0
52.701808985,201.0
52.728069550,167.0
52.754330115,201.0
52.780590680,174.0
52.806851245,179.0
52.833111810,184.0
52.859372375,162.0
52.885632940,196.0
52.911893505,217.0
52.938154070,151.0
52.964414635,182.0
52.990675200,174.0
53.016935765,151.0
53.043196330,218.0
53.069456895,148.0
53.095717460,181.0
53.121978025,192.0
53.148238590,192.0
53.174499155,184.0
53.200759720,216.0
53.227020285,184.0
53.253280850,179.0
53.279541415,170.0
53.305801980,167.0
53.332062545,197.0
53.358323110,174.0
53.384583675,188.0
53.410844241,179.0
53.437104806,161.0
53.463365371,180.0
53.489625936,160.0
53.515886501,195.0
53.542147066,176.0
53.568407631,184.0
53.594668196,164.0
53.620928761,197.0
53.647189326,181.0
53.673449891,216.0
53.699710456,193.0
53.725971021,185.0
53.752231586,175.0
53.778492151,187.0
53.804752716,201.0
53.831013281,185.0
53.857273846,161.0
53.883534411,195.0
53.909794976,187.0
53.936055541,187.0
53.962316106,192.0
53.988576671,187.0
54.014837236,183.0
54.041097801,185.0
54.067358366,215.0
54.093618931,181.0
54.119879496,217.0
54.146140061,231.0
54.172400626,209.0
54.198661191,228.0
54.224921756,202.0
54.251182321,232.0
54.277442886,234.0
54.303703451,200.0
54.329964016,217.0
54.356224581,213.0
54.382485146,240.0
54.408745711,198.0
54.435006276,221.0
54.461266841,226.0
54.487527406,216.0
54.513787971,217.0
54.540048536,202.0
54.566309101,202.0
54.592569666,211.0
54.618830231,195.0
54.645090796,225.0
54.671351361,197.0
54.697611926,195.0
54.723872491,199.0
54.750133056,190.0
54.776393621,202.0
54.802654186,192.0
54.828914751,200.0
54.855175316,222.0
54.881435881,193.0
54.907696446,193.0
54.933957011,177.0
54.960217576,198.0
54.986478141,207.0
55.012738706,204.0
55.038999271,198.0
55.065259836,206.0
55.091520401,228.0
55.117780966,222.0
55.144041531,222.0
55.170302096,210.0
55.196562661,209.0
55.222823226,231.0
55.249083791,245.0
55.275344356,200.0
55.301604921,244.0
55.327865486,247.0
55.354126051,242.0
55.380386616,231.0
55.406647181,222.0
55.432907746,266.0
55.459168311,254.0
55.485428876,247.0
55.511689441,266.0
55.537950006,275.0
55.564210571,266.0
55.590471136,285.0
55.616731701,307.0
55.642992266,294.0
55.669252831,317.0
55.695513396,327.0
55.721773961,404.0
55.748034526,445.0
55.774295091,502.0
55.800555656,585.0
55.826816221,672.0
55.853076786,801.0
55.879337351,1044.0
55.905597916,1329.0
55.931858481,1602.0
55.958119046,2010.0
55.984379611,2320.0
56.010640176,2741.0
56.036900741,3203.0
56.063161306,3545.0
56.089421871,3864.0
56.115682436,4283.0
56.141943001,4512.0
56.168203566,4732.0
56.194464132,4752.0
56.220724697,4603.0
56.246985262,4400.0
56.273245827,3945.0
56.299506392,3305.0
56.325766957,2998.0
56.352027522,2521.0
56.378288087,2217.0
56.404548652,1828.0
56.430809217,1504.0
56.457069782,1094.0
56.483330347,860.0
56.509590912,692.0
56.535851477,550.0
56.562112042,503.0
56.588372607,414.0
56.614633172,388.0
56.640893737,342.0
56.667154302,327.0
56.693414867,302.0
56.719675432,292.0
56.745935997,260.0
56.772196562,310.0
56.798457127,271.0
56.824717692,259.0
56.850978257,222.0
56.877238822,260.0
56.903499387,237.0
56.929759952,218.0
56.956020517,198.0
56.982281082,217.0
57.008541647,222.0
57.034802212,205.0
57.061062777,216.0
57.087323342,206.0
57.113583907,228.0
57.139844472,212.0
57.166105037,197.0
57.192365602,204.0
57.218626167,214.0
57.244886732,182.0
57.271147297,212.0
57.297407862,194.0
57.323668427,200.0
57.349928992,210.0
57.376189557,189.0
57.402450122,199.0
57.428710687,210.0
57.454971252,185.0
57.481231817,185.0
57.507492382,218.0
57.533752947,197.0
57.560013512,184.0
57.586274077,161.0
57.612534642,201.0
57.638795207,179.0
57.665055772,171.0
57.691316337,184.0
57.717576902,202.0
57.743837467,176.0
57.770098032,183.0
57.796358597,185.0
57.822619162,185.0
57.848879727,165.0
57.875140292,166.0
57.901400857,203.0
57.927661422,172.0
57.953921987,182.0
57.980182552,174.0
58.006443117,155.0
58.032703682,164.0
58.058964247,167.0
58.085224812,156.0
58.111485377,156.0
58.137745942,160.0
58.164006507,147.0
58.190267072,133.0
58.216527637,181.0
58.242788202,175.0
58.269048767,203.0
58.295309332,205.0
58.321569897,193.0
58.347830462,161.0
58.374091027,171.0
58.400351592,158.0
58.426612157,167.0
58.452872722,182.0
58.479133287,156.0
58.505393852,203.0
58.531654417,173.0
58.557914982,165.0
58.584175547,164.0
58.610436112,183.0
58.636696677,175.0
58.662957242,168.0
58.689217807,175.0
58.715478372,192.0
58.741738937,178.0
58.767999502,170.0
58.794260067,194.0
58.820520632,186.0
58.846781197,184.0
58.873041762,155.0
58.899302327,164.0
58.925562892,171.0
58.951823457,177.0
58.978084022,197.0
59.004344588,162.0
59.030605153,150.0
59.056865718,172.0
59.083126283,156.0
59.109386848,170.0
59.135647413,169.0
59.161907978,186.0
59.188168543,172.0
59.214429108,176.0
59.240689673,170.0
59.266950238,162.0
59.293210803,186.0
59.319471368,174.0
59.345731933,155.0
59.371992498,158.0
59.398253063,173.0
59.424513628,186.0
59.450774193,160.0
59.477034758,163.0
59.503295323,154.0
59.529555888,170.0
59.555816453,149.0
59.582077018,180.0
59.608337583,136.0
59.634598148,156.0
59.660858713,172.0
59.687119278,171.0
59.713379843,163.0
59.739640408,171.0
59.765900973,153.0
59.792161538,168.0
59.818422103,165.0
59.844682668,165.0
59.870943233,142.0
59.897203798,153.0
59.923464363,136.0
59.949724928,151.0
59.975985493,179.0
60.002246058,139.0
60.028506623,137.0
60.054767188,168.0
60.081027753,127.0
60.107288318,137.0
60.133548883,143.0
60.159809448,171.0
60.186070013,162.0
60.212330578,148.0
60.238591143,165.0
60.264851708,159.0
60.291112273,153.0
60.317372838,154.0
60.343633403,171.0
60.369893968,140.0
60.396154533,182.0
60.422415098,157.0
60.448675663,149.0
60.474936228,162.0
60.501196793,152.0
60.527457358,148.0
60.553717923,149.0
60.579978488,153.0
60.606239053,170.0
60.632499618,154.0
60.658760183,139.0
60.685020748,140.0
60.711281313,178.0
60.737541878,149.0
60.763802443,148.0
60.790063008,190.0
60.816323573,167.0
60.842584138,142.0
60.868844703,120.0
60.895105268,152.0
60.921365833,167.0
60.947626398,138.0
60.973886963,138.0
61.000147528,159.0
61.026408093,141.0
61.052668658,157.0
61.078929223,166.0
61.105189788,170.0
61.131450353,156.0
61.157710918,148.0
61.183971483,146.0
61.210232048,173.0
61.236492613,153.0
61.262753178,169.0
61.289013743,157.0
61.315274308,137.0
61.341534873,123.0
61.367795438,137.0
61.394056003,147.0
61.420316568,136.0
61.446577133,143.0
61.472837698,191.0
61.499098263,131.0
61.525358828,166.0
61.551619393,171.0
61.577879958,157.0
61.604140523,164.0
61.630401088,125.0
61.656661653,150.0
61.682922218,151.0
61.709182783,156.0
61.735443348,150.0
61.761703913,148.0
61.787964478,148.0
61.814225044,171.0
61.840485609,157.0
61.866746174,158.0
61.893006739,152.0
61.919267304,125.0
61.945527869,159.0
61.971788434,158.0
61.998048999,120.0
62.024309564,122.0
62.050570129,130.0
62.076830694,140.0
62.103091259,148.0
62.129351824,138.0
62.155612389,130.0
62.181872954,148.0
62.208133519,162.0
62.234394084,140.0
62.260654649,143.0
62.286915214,146.0
62.313175779,154.0
62.339436344,136.0
62.365696909,161.0
62.391957474,126.0
62.418218039,168.0
62.444478604,133.0
62.470739169,162.0
62.496999734,129.0
62.523260299,129.0
62.549520864,135.0
62.575781429,136.0
62.602041994,145.0
62.628302559,157.0
62.654563124,127.0
62.680823689,165.0
62.707084254,137.0
62.733344819,116.0
62.759605384,133.0
62.785865949,162.0
62.812126514,145.0
62.838387079,161.0
62.864647644,140.0
62.890908209,155.0
62.917168774,174.0
62.943429339,135.0
62.969689904,138.0
62.995950469,155.0
63.022211034,169.0
63.048471599,145.0
63.074732164,142.0
63.100992729,133.0
63.127253294,138.0
63.153513859,169.0
63.179774424,165.0
63.206034989,116.0
63.232295554,143.0
63.258556119,148.0
63.284816684,160.0
63.311077249,141.0
63.337337814,174.0
63.363598379,139.0
63.389858944,149.0
63.416119509,152.0
63.442380074,172.0
63.468640639,175.0
63.494901204,144.0
63.521161769,150.0
63.547422334,147.0
63.573682899,128.0
63.599943464,157.0
63.626204029,159.0
63.652464594,121.0
63.678725159,161.0
63.704985724,160.0
63.731246289,163.0
63.757506854,148.0
63.783767419,148.0
63.810027984,148.0
63.836288549,152.0
63.862549114,154.0
63.888809679,147.0
63.915070244,140.0
63.941330809,151.0
63.967591374,133.0
63.993851939,179.0
64.020112504,143.0
64.046373069,159.0
64.072633634,152.0
64.098894199,151.0
64.125154764,137.0
64.151415329,128.0
64.177675894,151.0
64.203936459,139.0
64.230197024,152.0
64.256457589,122.0
64.282718154,125.0
64.308978719,153.0
64.335239284,138.0
64.361499849,149.0
64.387760414,136.0
64.414020979,164.0
64.440281544,146.0
64.466542109,147.0
64.492802674,173.0
64.519063239,154.0
64.545323804,169.0
64.571584369,165.0
64.597844935,148.0
64.624105500,132.0
64.650366065,140.0
64.676626630,182.0
64.702887195,166.0
64.729147760,167.0
64.755408325,150.0
64.781668890,177.0
64.807929455,152.0
64.834190020,172.0
64.860450585,160.0
64.886711150,179.0
64.912971715,160.0
64.939232280,157.0
64.965492845,165.0
64.991753410,174.0
65.018013975,148.0
65.044274540,186.0
65.070535105,175.0
65.096795670,179.0
65.123056235,176.0
65.149316800,150.0
65.175577365,186.0
65.201837930,178.0
65.228098495,175.0
65.254359060,205.0
65.280619625,202.0
65.306880190,249.0
65.333140755,212.0
65.359401320,218.0
65.385661885,246.0
65.411922450,305.0
65.438183015,287.0
65.464443580,332.0
65.490704145,399.0
65.516964710,445.0
65.543225275,503.0
65.569485840,549.0
65.595746405,756.0
65.622006970,882.0
65.648267535,1042.0
65.674528100,1326.0
65.700788665,1540.0
65.727049230,1679.0
65.753309795,1892.0
65.779570360,1989.0
65.805830925,1972.0
65.832091490,2103.0
65.858352055,2027.0
65.884612620,2130.0
65.910873185,1953.0
65.937133750,1973.0
65.963394315,1837.0
65.989654880,1856.0
66.015915445,1597.0
66.042176010,1377.0
66.068436575,1179.0
66.094697140,1104.0
66.120957705,932.0
66.147218270,893.0
66.173478835,714.0
66.199739400,681.0
66.225999965,506.0
66.252260530,477.0
66.278521095,371.0
66.304781660,345.0
66.331042225,285.0
66.357302790,275.0
66.383563355,236.0
66.409823920,218.0
66.436084485,201.0
66.462345050,207.0
66.488605615,194.0
66.514866180,170.0
66.541126745,194.0
66.567387310,166.0
66.593647875,178.0
66.619908440,160.0
66.646169005,178.0
66.672429570,175.0
66.698690135,180.0
66.724950700,152.0
66.751211265,159.0
66.777471830,147.0
66.803732395,153.0
66.829992960,161.0
66.856253525,154.0
66.882514090,149.0
66.908774655,170.0
66.935035220,147.0
66.961295785,145.0
66.987556350,141.0
67.013816915,169.0
67.040077480,150.0
67.066338045,161.0
67.092598610,163.0
67.118859175,155.0
67.145119740,136.0
67.171380305,136.0
67.197640870,140.0
67.223901435,137.0
67.250162000,139.0
67.276422565,133.0
67.302683130,149.0
67.328943695,148.0
67.355204260,138.0
67.381464825,126.0
67.407725391,149.0
67.433985956,129.0
67.460246521,140.0
67.486507086,128.0
67.512767651,140.0
67.539028216,152.0
67.565288781,147.0
67.591549346,124.0
67.617809911,129.0
67.644070476,133.0
67.670331041,141.0
67.696591606,138.0
67.722852171,145.0
67.749112736,142.0
67.775373301,147.0
67.801633866,138.0
67.827894431,152.0
67.854154996,135.0
67.880415561,156.0
67.906676126,158.0
67.932936691,152.0
67.959197256,145.0
67.985457821,127.0
68.011718386,153.0
68.037978951,168.0
68.064239516,140.0
68.090500081,143.0
68.116760646,117.0
68.143021211,113.0
68.169281776,138.0
68.195542341,161.0
68.221802906,122.0
68.248063471,130.0
68.274324036,131.0
68.300584601,145.0
68.326845166,136.0
68.353105731,154.0
68.379366296,145.0
68.405626861,136.0
68.431887426,145.0
68.458147991,153.0
68.484408556,155.0
68.510669121,130.0
68.536929686,145.0
68.563190251,132.0
68.589450816,138.0
68.615711381,134.0
68.641971946,141.0
68.668232511,139.0
68.694493076,142.0
68.720753641,130.0
68.747014206,129.0
68.773274771,140.0
68.799535336,136.0
68.825795901,137.0
68.852056466,131.0
68.878317031,140.0
68.904577596,133.0
68.930838161,132.0
68.957098726,150.0
68.983359291,127.0
69.009619856,134.0
69.035880421,136.0
69.062140986,145.0
69.088401551,118.0
69.114662116,116.0
69.140922681,135.0
69.167183246,128.0
69.193443811,146.0
69.219704376,157.0
69.245964941,133.0
69.272225506,129.0
69.298486071,121.0
69.324746636,129.0
69.351007201,140.0
69.377267766,131.0
69.403528331,148.0
69.429788896,136.0
69.456049461,131.0
69.482310026,144.0
69.508570591,127.0
69.534831156,130.0
69.561091721,135.0
69.587352286,144.0
69.613612851,150.0
69.639873416,153.0
69.666133981,158.0
69.692394546,130.0
69.718655111,125.0
69.744915676,129.0
69.771176241,133.0
69.797436806,174.0
69.823697371,159.0
69.849957936,141.0
69.876218501,150.0
69.902479066,166.0
69.928739631,181.0
69.955000196,190.0
69.981260761,179.0
70.007521326,206.0
70.033781891,215.0
70.060042456,235.0
70.086303021,231.0
70.112563586,271.0
70.138824151,277.0
70.165084716,276.0
70.191345282,314.0
70.217605847,374.0
70.243866412,445.0
70.270126977,503.0
70.296387542,579.0
70.322648107,583.0
70.348908672,627.0
70.375169237,637.0
70.401429802,665.0
70.427690367,620.0
70.453950932,643.0
70.480211497,658.0
70.506472062,598.0
70.532732627,579.0
70.558993192,539.0
70.585253757,551.0
70.611514322,495.0
70.637774887,398.0
70.664035452,399.0
70.690296017,345.0
70.716556582,292.0
70.742817147,286.0
70.769077712,253.0
70.795338277,249.0
70.821598842,200.0
70.847859407,179.0
70.874119972,217.0
70.900380537,169.0
70.926641102,166.0
70.952901667,153.0
70.979162232,149.0
71.005422797,166.0
71.031683362,134.0
71.057943927,132.0
71.084204492,149.0
71.110465057,155.0
71.136725622,148.0
71.162986187,124.0
71.189246752,158.0
71.215507317,142.0
71.241767882,112.0
71.268028447,139.0
71.294289012,120.0
71.320549577,119.0
71.346810142,115.0
71.373070707,109.0
71.399331272,106.0
71.425591837,146.0
71.451852402,134.0
71.478112967,108.0
71.504373532,139.0
71.530634097,127.0
71.556894662,110.0
71.583155227,134.0
71.609415792,129.0
71.635676357,133.0
71.661936922,128.0
71.688197487,124.0
71.714458052,135.0
71.740718617,117.0
71.766979182,126.0
71.793239747,119.0
71.819500312,159.0
71.845760877,116.0
71.872021442,111.0
71.898282007,117.0
71.924542572,129.0
71.950803137,114.0
71.977063702,135.0
72.003324267,150.0
72.029584832,108.0
72.055845397,130.0
72.082105962,135.0
72.108366527,129.0
72.134627092,135.0
72.160887657,102.0
72.187148222,161.0
72.213408787,132.0
72.239669352,143.0
72.265929917,123.0
72.292190482,148.0
72.318451047,145.0
72.344711612,117.0
72.370972177,138.0
72.397232742,153.0
72.423493307,134.0
72.449753872,133.0
72.476014437,140.0
72.502275002,129.0
72.528535567,135.0
72.554796132,125.0
72.581056697,130.0
72.607317262,120.0
72.633577827,130.0
72.659838392,131.0
72.686098957,115.0
72.712359522,132.0
72.738620087,120.0
72.764880652,120.0
72.791141217,134.0
72.817401782,139.0
72.843662347,134.0
72.869922912,129.0
72.896183477,151.0
72.922444042,116.0
72.948704607,123.0
72.974965172,138.0
73.001225738,121.0
73.027486303,127.0
73.053746868,131.0
73.080007433,135.0
73.106267998,95.0
73.132528563,138.0
73.158789128,121.0
73.185049693,130.0
73.211310258,132.0
73.237570823,162.0
73.263831388,129.0
73.290091953,133.0
73.316352518,128.0
73.342613083,115.0
73.368873648,155.0
73.395134213,149.0
73.421394778,137.0
73.447655343,121.0
73.473915908,122.0
73.500176473,123.0
73.526437038,128.0
73.552697603,145.0
73.578958168,127.0
73.605218733,132.0
73.631479298,131.0
73.657739863,138.0
73.684000428,142.0
73.710260993,131.0
73.736521558,148.0
73.762782123,156.0
73.789042688,143.0
73.815303253,135.0
73.841563818,138.0
73.867824383,149.0
73.894084948,134.0
73.920345513,140.0
73.946606078,165.0
73.972866643,156.0
73.999127208,140.0
74.025387773,165.0
74.051648338,191.0
74.077908903,162.0
74.104169468,182.0
74.130430033,174.0
74.156690598,190.0
74.182951163,199.0
74.209211728,207.0
74.235472293,248.0
74.261732858,265.0
74.287993423,328.0
74.314253988,319.0
74.340514553,343.0
74.366775118,400.0
74.393035683,476.0
74.419296248,459.0
74.445556813,524.0
74.471817378,548.0
74.498077943,562.0
74.524338508,646.0
74.550599073,709.0
74.576859638,772.0
74.603120203,753.0
74.629380768,812.0
74.655641333,898.0
74.681901898,903.0
74.708162463,858.0
74.734423028,946.0
74.760683593,936.0
74.786944158,933.0
74.813204723,998.0
74.839465288,998.0
74.865725853,981.0
74.891986418,1086.0
74.918246983,1125.0
74.944507548,1115.0
74.970768113,1079.0
74.997028678,1097.0
75.023289243,1120.0
75.049549808,1164.0
75.075810373,1070.0
75.102070938,1021.0
75.128331503,932.0
75.154592068,877.0
75.180852633,796.0
75.207113198,754.0
75.233373763,703.0
75.259634328,660.0
75.285894893,595.0
75.312155458,591.0
75.338416023,467.0
75.364676588,405.0
75.390937153,343.0
75.417197718,336.0
75.443458283,244.0
75.469718848,238.0
75.495979413,214.0
75.522239978,198.0
75.548500543,216.0
75.574761108,177.0
75.601021673,165.0
75.627282238,177.0
75.653542803,182.0
75.679803368,177.0
75.706063933,149.0
75.732324498,155.0
75.758585063,146.0
75.784845628,153.0
75.811106194,152.0
75.837366759,138.0
75.863627324,141.0
75.889887889,151.0
75.916148454,119.0
75.942409019,119.0
75.968669584,149.0
75.994930149,159.0
76.021190714,159.0
76.047451279,151.0
76.073711844,112.0
76.099972409,117.0
76.126232974,135.0
76.152493539,114.0
76.178754104,136.0
76.205014669,156.0
76.231275234,126.0
76.257535799,124.0
76.283796364,134.0
76.310056929,124.0
76.336317494,123.0
76.362578059,148.0
76.388838624,126.0
76.415099189,111.0
76.441359754,126.0
76.467620319,138.0
76.493880884,138.0
76.520141449,143.0
76.546402014,143.0
76.572662579,134.0
76.598923144,134.0
76.625183709,113.0
76.651444274,112.0
76.677704839,135.0
76.703965404,130.0
76.730225969,122.0
76.756486534,127.0
76.782747099,99.0
76.809007664,129.0
76.835268229,132.0
76.861528794,110.0
76.887789359,127.0
76.914049924,104.0
76.940310489,119.0
76.966571054,127.0
76.992831619,112.0
77.019092184,115.0
77.045352749,125.0
77.071613314,130.0
77.097873879,118.0
77.124134444,128.0
77.150395009,121.0
77.176655574,114.0
77.202916139,116.0
77.229176704,132.0
77.255437269,127.0
77.281697834,121.0
77.307958399,126.0
77.334218964,132.0
77.360479529,113.0
77.386740094,131.0
77.413000659,122.0
77.439261224,110.0
77.465521789,102.0
77.491782354,130.0
77.518042919,113.0
77.544303484,131.0
77.570564049,137.0
77.596824614,144.0
77.623085179,133.0
77.649345744,117.0
77.675606309,131.0
77.701866874,120.0
77.728127439,131.0
77.754388004,120.0
77.780648569,131.0
77.806909134,139.0
77.833169699,144.0
77.859430264,122.0
77.885690829,131.0
77.911951394,133.0
77.938211959,126.0
77.964472524,148.0
77.990733089,130.0
78.016993654,126.0
78.043254219,117.0
78.069514784,132.0
78.095775349,119.0
78.122035914,121.0
78.148296479,141.0
78.174557044,128.0
78.200817609,129.0
78.227078174,160.0
78.253338739,139.0
78.279599304,128.0
78.305859869,137.0
78.332120434,123.0
78.358380999,131.0
78.384641564,130.0
78.410902129,138.0
78.437162694,145.0
78.463423259,142.0
78.489683824,147.0
78.515944389,155.0
78.542204954,141.0
78.568465519,150.0
78.594726085,181.0
78.620986650,184.0
78.647247215,204.0
78.673507780,186.0
78.699768345,198.0
78.726028910,240.0
78.752289475,262.0
78.778550040,286.0
78.804810605,266.0
78.831071170,317.0
78.857331735,338.0
78.883592300,376.0
78.909852865,402.0
78.936113430,416.0
78.962373995,378.0
78.988634560,470.0
79.014895125,456.0
79.041155690,504.0
79.067416255,526.0
79.093676820,527.0
79.119937385,523.0
79.146197950,547.0
79.172458515,545.0
79.198719080,566.0
79.224979645,569.0
79.251240210,597.0
79.277500775,570.0
79.303761340,620.0
79.330021905,652.0
79.356282470,637.0
79.382543035,661.0
79.408803600,594.0
79.435064165,551.0
79.461324730,532.0
79.487585295,464.0
79.513845860,415.0
79.540106425,421.0
79.566366990,398.0
79.592627555,358.0
79.618888120,359.0
79.645148685,340.0
79.671409250,282.0
79.697669815,272.0
79.723930380,237.0
79.750190945,188.0
79.776451510,179.0
79.802712075,171.0
79.828972640,187.0
79.855233205,143.0
79.881493770,143.0
79.907754335,152.0
79.934014900,153.0
79.960275465,124.0
79.986536030,134.0
